,durations_peak_amp
0,11.280000000000001
1,13.15043044776278
2,5.939999999999998
3,10.583870703096382
4,15.46
5,21.284566242557887
6,14.570000000000007
7,14.873558035452078
8,5.68
9,5.952911029270568
10,13.46
11,23.69852816970071
12,16.120000000000005
13,16.30042492896138
14,13.970000000000006
15,17.868877254476406
16,4.669999999999995
17,5.8310049423758805
18,11.299999999999997
19,20.075871516670542
20,5.550000000000004
21,5.5950472732624394
22,7.030000000000001
23,13.147102104491788
24,7.480000000000004
25,12.108385268644616
26,5.399999999999999
27,9.619210197867918
28,8.36
29,9.664698575059784
30,15.780000000000001
31,15.869730071931537
32,2.769999999999996
33,3.611741536983712
34,8.730000000000004
35,11.948978789331328
36,8.82
37,10.123995086908646
38,14.14
39,15.354676951000581
40,3.990000000000002
41,6.425954677646526
42,9.740000000000009
43,18.899542669273206
44,11.020000000000003
45,19.063051615979717
46,10.809999999999995
47,19.49094861148377
48,10.469999999999999
49,13.298449262565196
50,22.259999999999998
51,31.41227380255312
52,3.1799999999999997
53,6.301246619524791
54,11.299999999999997
55,15.572217602586331
56,7.310000000000009
57,12.336612709176958
58,8.269999999999996
59,10.652404371930771
60,6.760000000000005
61,7.1770479310396365
62,3.6300000000000026
63,4.683243249638964
64,15.590000000000003
65,27.463654282508962
66,4.380000000000003
67,5.7327660177354645
68,8.350000000000001
69,9.797835745032197
70,7.790000000000006
71,11.44148337151317
72,5.980000000000004
73,10.348012600357281
74,12.599999999999994
75,17.279714318280877
76,13.229999999999997
77,16.438961722150335
78,6.980000000000004
79,9.727609775060865
80,13.96
81,26.122633748275796
82,10.669999999999995
83,18.68473116881703
84,14.509999999999991
85,27.754597103311877
86,7.089999999999989
87,8.910431431707096
88,14.129999999999995
89,15.503626993286884
90,4.240000000000002
91,8.202275606365063
92,5.359999999999999
93,5.540671221718901
94,4.039999999999999
95,7.774268111510494
96,8.589999999999996
97,16.615885033895943
98,10.619999999999997
99,17.552033508644307
100,9.099999999999994
101,12.901697150254828
102,2.780000000000001
103,3.2481671748768397
104,10.120000000000005
105,17.867517679865664
106,5.3700000000000045
107,10.095476825758139
108,21.08
109,39.95130435203486
110,2.6999999999999957
111,5.346182287802407
112,5.359999999999999
113,10.633129739074764
114,10.739999999999995
115,18.812129919375995
116,3.460000000000001
117,3.5493147509410616
118,26.41000000000001
119,33.881141211531705
120,11.11999999999999
121,13.324645114692274
122,20.010000000000005
123,28.198719747140895
124,9.149999999999999
125,13.383419003177927
126,14.969999999999992
127,16.398270188257158
128,10.43
129,12.659220470415823
130,17.529999999999994
131,26.41817499611588
132,17.270000000000003
133,30.850918801204614
134,5.6200000000000045
135,7.765235485269374
136,7.490000000000002
137,10.320683704767147
138,6.400000000000006
139,9.723896872504787
140,24.61999999999999
141,38.445376831533565
142,7.410000000000004
143,8.61519576801806
144,9.86
145,15.63167927109888
146,8.870000000000005
147,12.604163052714135
148,12.419999999999995
149,15.08712684329733
150,12.5
151,15.104851823430437
152,17.630000000000003
153,26.49291835065075
154,8.369999999999997
155,11.433689688611409
156,6.75
157,6.873821484928758
158,18.549999999999997
159,22.284249032149905
160,10.839999999999996
161,12.5464271386302
162,16.769999999999996
163,23.34457663679434
164,16.43999999999999
165,18.221181088629613
166,6.1200000000000045
167,9.32325382147903
168,8.090000000000003
169,16.122857786887003
170,4.43
171,7.711528149580588
172,8.18
173,13.071012555350205
174,12.310000000000002
175,21.279246103135552
176,9.239999999999995
177,14.713311681095737
178,3.9499999999999957
179,5.752476721155755
180,12.399999999999999
181,14.98235439353785
182,15.569999999999993
183,19.650021880267456
184,8.0
185,9.545305755850567
186,6.510000000000005
187,6.5885577120114425
188,10.640000000000008
189,20.214256087301166
190,16.460000000000008
191,17.374679634161765
192,12.25
193,22.61785441468275
194,9.810000000000002
195,15.16788871341536
196,5.849999999999994
197,10.151538274515856
198,16.929999999999993
199,19.512836176529444
200,19.479999999999997
201,36.31562860964141
202,12.049999999999997
203,12.633030011770614
204,6.339999999999996
205,10.555315973858628
206,2.6899999999999977
207,4.616959879112833
208,12.680000000000007
209,13.686727898858662
210,13.700000000000003
211,15.354447104192879
212,2.979999999999997
213,4.431558558067491
214,7.809999999999995
215,14.922043143440435
216,3.1300000000000026
217,6.099896329906171
218,8.529999999999994
219,9.034714529980297
220,15.610000000000007
221,31.07909083583789
222,6.049999999999997
223,9.11055206597633
224,7.790000000000006
225,11.023478257126255
226,9.480000000000004
227,15.289931829231438
228,12.400000000000006
229,24.33195301879415
230,25.650000000000006
231,28.568793725883232
232,12.690000000000005
233,20.64603588173704
234,20.620000000000005
235,33.598864381981144
236,1.4099999999999966
237,2.2440636650154286
238,12.560000000000002
239,14.414275500060482
240,12.420000000000002
241,14.975512995302411
242,10.510000000000005
243,17.939770664826884
244,5.979999999999997
245,9.04928416412762
246,3.1400000000000006
247,3.2857127368729455
248,4.329999999999998
249,5.890357596321357
250,8.609999999999992
251,16.772524316192577
252,11.620000000000005
253,22.93927610680348
254,6.759999999999998
255,8.439772037108158
256,7.950000000000003
257,10.394633814160748
258,14.769999999999996
259,23.272397625206413
260,7.989999999999995
261,14.157041244443223
262,10.420000000000002
263,20.808524585044694
264,18.909999999999997
265,23.227368682254852
266,2.6899999999999977
267,4.872631259432947
268,7.069999999999993
269,12.937280971939225
270,13.360000000000007
271,23.557130932721627
272,4.159999999999997
273,6.205318328488231
274,3.1500000000000057
275,5.703957638002246
276,10.39
277,17.129308181946076
278,12.299999999999997
279,13.427978489106064
280,20.819999999999993
281,38.07216550821488
282,12.260000000000005
283,22.55221796757301
284,8.240000000000009
285,11.975676022513067
286,4.159999999999997
287,4.181575190587729
288,19.28
289,34.671213860555234
290,14.619999999999997
291,16.357748321228396
292,8.450000000000003
293,10.43564129418604
294,7.300000000000004
295,7.397150345604074
296,8.240000000000009
297,14.420435505087351
298,10.14
299,17.227779274179916
300,18.900000000000006
301,30.70369897932976
302,7.899999999999999
303,13.819858389471325
304,12.840000000000003
305,17.03197453901608
306,12.469999999999999
307,17.71217684542542
308,21.760000000000005
309,37.80118907516807
310,7.199999999999996
311,9.63182416906224
312,8.399999999999991
313,10.809071124629503
314,10.900000000000006
315,19.241272660488292
316,11.57
317,13.924237919090906
318,7.459999999999994
319,14.484413711372902
320,1.6199999999999974
321,2.3273354877262618
322,5.580000000000005
323,11.102099960057554
324,11.75
325,12.603083864647033
326,4.199999999999996
327,6.148473851268049
328,16.739999999999995
329,28.415796782951794
330,6.299999999999997
331,9.920793218938803
332,13.260000000000005
333,17.901238393937778
334,10.509999999999991
335,20.388818719654427
336,11.64
337,13.970714400411067
338,6.410000000000011
339,9.919109343960853
340,7.319999999999993
341,8.453599670303383
342,29.819999999999993
343,43.08030273770089
344,15.489999999999995
345,16.768612729917304
346,13.599999999999994
347,15.937851140371263
348,8.839999999999996
349,11.736656653806884
350,4.8799999999999955
351,8.452093159493252
352,4.730000000000004
353,5.672207882884963
354,8.950000000000003
355,15.504912703137101
356,11.21
357,15.833945939973901
358,12.829999999999998
359,19.597192396890335
360,5.649999999999999
361,10.223625428147708
362,8.400000000000006
363,9.87039320571544
364,23.019999999999996
365,38.34798010906561
366,4.599999999999994
367,7.348500210662673
368,9.79
369,16.79344144878436
370,13.819999999999993
371,18.530780008376073
372,16.14
373,16.786049491240213
374,21.120000000000005
375,26.82026830808385
376,6.93
377,10.070418384597716
378,14.219999999999992
379,18.00542075623623
380,15.61999999999999
381,25.49682843648086
382,7.070000000000007
383,8.540130775662446
384,14.880000000000003
385,24.66391029201418
386,5.350000000000001
387,7.101029285961255
388,13.659999999999997
389,25.816999579801507
390,6.07
391,7.760036166285185
392,12.149999999999991
393,16.56577921119141
394,18.17
395,34.175626117506404
396,8.509999999999998
397,11.258563667027953
398,13.25
399,17.60613310302213
400,3.0
401,5.6507954219186445
402,7.539999999999999
403,12.227660629313187
404,4.090000000000003
405,4.15926704825568
406,9.899999999999999
407,12.39576895118394
408,9.700000000000003
409,19.020990948001355
410,11.730000000000004
411,15.079918488853746
412,7.090000000000003
413,11.857044725254537
414,9.339999999999996
415,13.929889454171155
416,8.060000000000002
417,14.397932741874351
418,3.3900000000000006
419,4.750740159294577
420,6.979999999999997
421,10.0061849712101
422,4.169999999999995
423,7.032762537288337
424,10.529999999999994
425,15.367002286241155
426,4.230000000000004
427,4.513646058352244
428,6.499999999999993
429,8.22359629827592
430,13.249999999999993
431,22.454616971788788
432,21.64
433,33.5024586895195
434,11.039999999999992
435,18.46330777669596
436,7.310000000000002
437,14.531774144993042
438,6.699999999999996
439,12.210428450359762
440,3.3799999999999955
441,6.726955342357999
442,7.1499999999999915
443,12.00386964909173
444,12.439999999999998
445,23.12670551942288
446,4.789999999999999
447,6.051343157643483
448,15.760000000000005
449,24.831075227525023
450,12.349999999999994
451,22.735933555342466
452,11.900000000000006
453,21.923353168613804
454,1.2800000000000011
455,1.3524098521741708
456,22.300000000000004
457,35.899993536946745
458,12.160000000000004
459,19.323155980295876
460,19.049999999999997
461,29.707412683047014
462,2.4100000000000037
463,4.131047697706907
464,13.83999999999999
465,22.0987656525645
466,16.89999999999999
467,20.21664920223064
468,11.459999999999994
469,12.17261878243351
470,21.159999999999997
471,28.654597328995983
472,5.330000000000005
473,6.305788155135638
474,5.609999999999999
475,10.773306942717927
476,7.770000000000003
477,12.748592546686513
478,22.900000000000006
479,41.184602620363854
480,25.35
481,39.652479287899055
482,7.6200000000000045
483,14.988325624991944
484,18.429999999999993
485,20.98130151187955
486,12.93
487,25.01605287474188
488,6.920000000000002
489,10.228788321059659
490,9.280000000000001
491,11.076012714510298
492,12.649999999999991
493,14.171683759922027
494,7.6100000000000065
495,12.549868083025242
496,8.190000000000005
497,9.287876242766218
498,5.400000000000006
499,9.223604970136849
500,6.640000000000001
501,9.054551818053573
502,8.75
503,15.501379913948263
504,15.96
505,24.41495735240815
506,13.259999999999991
507,20.64578255740246
508,12.990000000000009
509,13.45892476189694
510,6.670000000000002
511,8.034411464304211
512,2.6899999999999977
513,3.9895355129048107
514,5.1200000000000045
515,7.477287039191785
516,4.479999999999997
517,5.01094660083737
518,7.010000000000005
519,10.91802041022401
520,25.520000000000003
521,33.57677272301093
522,21.14
523,23.99902507564264
524,5.32
525,6.9351124741510555
526,8.170000000000002
527,15.349953375359313
528,4.289999999999999
529,7.283836453715663
530,13.519999999999996
531,23.906833784273303
532,18.049999999999997
533,18.915901534714262
534,13.52000000000001
535,26.81121735104438
536,4.270000000000003
537,5.176386216384193
538,18.83
539,31.986480889147334
540,14.909999999999997
541,15.335309204070171
542,12.170000000000002
543,18.941513949036235
544,14.789999999999992
545,24.088653164764366
546,14.519999999999996
547,21.698358264903447
548,5.920000000000002
549,7.428363063440561
550,16.810000000000002
551,33.146585136386065
552,7.840000000000003
553,8.416165186576416
554,15.209999999999994
555,22.752399238249424
556,9.11
557,10.493190364099659
558,8.399999999999999
559,15.444867873539069
560,17.010000000000005
561,18.722167346439385
562,9.169999999999995
563,11.194104821684911
564,13.170000000000002
565,17.455298817350478
566,16.58
567,26.978902183249996
568,14.760000000000005
569,21.85773038193435
570,7.949999999999996
571,9.26634642507893
572,13.5
573,20.860203099984204
574,10.849999999999994
575,20.630209561550398
576,11.939999999999998
577,12.68905313300448
578,11.379999999999995
579,18.496847188503377
580,18.440000000000005
581,32.65335406021315
582,8.979999999999997
583,17.2366105151687
584,16.929999999999993
585,22.74690333745489
586,6.740000000000002
587,9.71416949009426
588,26.020000000000003
589,31.40655239236601
590,5.880000000000003
591,5.99168222621803
592,5.170000000000002
593,10.056523412525406
594,16.22
595,21.084860050209368
596,20.25
597,31.75585603328942
598,3.270000000000003
599,6.162302417344254
600,8.990000000000002
601,11.20846608990126
602,4.590000000000003
603,6.0475034629906
604,13.269999999999996
605,20.288399423436573
606,25.979999999999997
607,38.61081245332748
608,15.449999999999996
609,29.60727701835672
610,17.659999999999997
611,21.591415197448086
612,8.139999999999993
613,9.925398340071624
614,14.279999999999994
615,27.690995060492824
616,9.059999999999995
617,11.167363817636138
618,16.239999999999995
619,29.155974739617978
620,12.549999999999997
621,24.00726088916625
622,14.289999999999992
623,28.36760644905633
624,6.460000000000001
625,11.869103603901193
626,14.180000000000007
627,18.57666329841862
628,17.939999999999998
629,31.215738763322744
630,3.1500000000000057
631,4.17629549824368
632,13.080000000000005
633,25.649081059438192
634,7.589999999999996
635,10.476886759834759
636,3.4399999999999977
637,6.0947292901656525
638,2.3599999999999994
639,3.676272886923447
640,13.770000000000003
641,22.131923306881585
642,3.6299999999999955
643,4.501730604495854
644,7.579999999999998
645,8.75122037583214
646,4.640000000000001
647,5.506586178911931
648,10.949999999999996
649,18.958627100484705
650,12.670000000000002
651,23.41019334804469
652,7.1499999999999915
653,10.323876557122217
654,8.239999999999995
655,13.829241498933214
656,11.149999999999991
657,13.063851472510777
658,14.440000000000005
659,21.660412627369052
660,12.280000000000001
661,17.392882000120846
662,21.75
663,25.095954413460657
664,4.340000000000003
665,5.5993174605358895
666,7.260000000000005
667,13.350288179599483
668,17.57
669,24.15776629898214
670,17.61999999999999
671,24.277042055009236
672,20.069999999999993
673,20.778192289113466
674,9.540000000000006
675,16.631380882620732
676,3.3400000000000034
677,5.6071795222798
678,19.92
679,35.08128503921639
680,10.689999999999998
681,17.932814848561367
682,14.429999999999993
683,24.70134782554339
684,13.38000000000001
685,23.209636315535114
686,12.720000000000006
687,20.911324521833368
688,6.010000000000005
689,6.717711391650485
690,4.950000000000003
691,7.499855310738749
692,5.009999999999998
693,9.798890851679495
694,14.990000000000009
695,19.440997981530565
696,6.130000000000003
697,6.701246624139934
698,14.550000000000004
699,17.67329899992377
700,8.659999999999997
701,9.567525287286628
702,15.060000000000002
703,22.046178755306432
704,11.22999999999999
705,18.194439515208156
706,6.240000000000002
707,7.824141083831314
708,7.260000000000005
709,11.720654761953035
710,3.8599999999999994
711,4.903858560873811
712,10.96
713,19.14247928960035
714,4.299999999999997
715,8.333530819838042
716,4.8700000000000045
717,9.183155808954206
718,1.720000000000006
719,3.097872622500815
720,8.339999999999996
721,9.399642831986837
722,11.11
723,13.464749040579445
724,7.029999999999987
725,12.961564321497047
726,13.309999999999988
727,20.927688628784896
728,4.159999999999997
729,5.275461376841018
730,13.04
731,13.669630499445635
732,17.880000000000003
733,25.023602439722147
734,7.010000000000005
735,9.067650205652306
736,12.770000000000003
737,19.23164535350666
738,6.25
739,7.928971059133913
740,23.08999999999999
741,29.853085238332937
742,18.0
743,30.284948049000725
744,2.9399999999999977
745,4.636203856027264
746,6.040000000000006
747,8.802085616870997
748,4.939999999999998
749,9.097591170378756
750,10.21
751,13.700254536135244
752,7.789999999999999
753,8.733445320605178
754,16.200000000000003
755,29.969429585438505
756,18.239999999999995
757,31.123524662884023
758,12.989999999999995
759,18.396637030013004
760,9.20000000000001
761,11.740324803493712
762,19.92
763,22.223043197452746
764,15.940000000000005
765,20.55501255841963
766,15.280000000000001
767,15.624134357755459
768,7.439999999999998
769,7.639143232403699
770,11.079999999999998
771,13.24990190285731
772,9.599999999999994
773,13.228351406725054
774,7.910000000000004
775,9.250889769489957
776,9.93
777,12.831791354820949
778,10.519999999999996
779,16.447325548153884
780,18.71
781,25.014944766146108
782,10.230000000000004
783,12.900405155593585
784,8.920000000000002
785,12.763676017332257
786,5.149999999999999
787,7.935929414116424
788,18.180000000000007
789,35.799918000657634
790,6.0
791,11.242775003249198
792,6.169999999999995
793,7.037479625638354
794,4.140000000000001
795,4.4754355313620025
796,5.560000000000002
797,10.200225605617472
798,18.400000000000006
799,35.68094700306344
800,13.879999999999995
801,23.302618333215797
802,2.200000000000003
803,2.35183528725183
804,4.330000000000005
805,7.968006333336509
806,10.68
807,15.147191258665899
808,12.950000000000003
809,19.114095549995756
810,26.819999999999993
811,28.801748052897253
812,16.33
813,26.618388541425485
814,14.759999999999991
815,28.84389068204353
816,5.709999999999994
817,10.358694742021322
818,15.690000000000005
819,28.150686132888872
820,10.399999999999999
821,14.181480254043345
822,18.820000000000007
823,28.834834192156116
824,9.380000000000003
825,10.603587910512223
826,14.289999999999992
827,16.37601192203564
828,2.719999999999999
829,4.103212468861039
830,4.659999999999997
831,8.843974496764801
832,30.640000000000008
833,32.854367777883574
834,3.6599999999999966
835,6.859754768124198
836,2.3599999999999994
837,3.7096724693735954
838,13.810000000000002
839,25.216176394568922
840,11.549999999999997
841,21.66092467659144
842,8.170000000000002
843,13.609500591042304
844,10.850000000000009
845,19.84443470425546
846,9.159999999999997
847,15.251836918611547
848,13.790000000000006
849,15.877025803162176
850,4.149999999999999
851,5.307022232759972
852,6.220000000000006
853,7.658512599372649
854,12.450000000000003
855,17.05807757594441
856,12.82
857,24.63279820993219
858,5.679999999999993
859,8.83134613620898
860,9.669999999999995
861,12.544195068944681
862,15.300000000000011
863,28.772767257453662
864,34.46000000000001
865,42.310749831530394
866,23.14
867,23.195528112204517
868,2.8000000000000043
869,4.387140866964837
870,7.269999999999996
871,7.498153417179947
872,8.739999999999995
873,12.766236570041476
874,8.789999999999992
875,9.225377218351277
876,21.299999999999997
877,41.81257257497896
878,5.520000000000003
879,10.471046898862031
880,9.509999999999998
881,13.611473989714248
882,12.530000000000001
883,23.878284520868757
884,12.589999999999996
885,18.609820980968422
886,9.009999999999998
887,13.83692054281819
888,6.350000000000001
889,12.663500454166844
890,12.430000000000007
891,12.477379365595814
892,12.189999999999998
893,17.904406584899686
894,5.990000000000002
895,6.02882626391897
896,10.219999999999999
897,19.301207574605286
898,7.469999999999999
899,9.401158425444267
900,2.769999999999996
901,4.460648336449416
902,6.5
903,11.179266309851162
904,12.469999999999999
905,12.802412790984166
906,7.77000000000001
907,10.97646250703795
908,7.93
909,10.016117291182084
910,20.050000000000004
911,20.807233119824172
912,4.659999999999997
913,7.717233244829189
914,2.770000000000003
915,2.9014266309210455
916,15.620000000000005
917,16.914520397834476
918,11.680000000000007
919,15.055628613106954
920,19.129999999999995
921,37.05626632576257
922,20.310000000000002
923,39.94084126301253
924,10.299999999999997
925,12.445842132666732
926,33.71
927,35.78865580444524
928,25.940000000000005
929,34.33460494176452
930,12.009999999999991
931,15.825726269280382
932,5.219999999999999
933,7.335715453220466
934,4.200000000000003
935,6.5794575107062165
936,7.459999999999994
937,10.087132490950662
938,4.669999999999995
939,5.19234677222256
940,7.6299999999999955
941,11.7745436541143
942,22.340000000000003
943,35.34214263682405
944,20.93
945,24.192442397013227
946,8.0
947,9.577812840946866
948,5.1200000000000045
949,6.434843310840596
950,12.200000000000003
951,19.95800777160821
952,3.4299999999999997
953,5.298049239389432
954,11.469999999999999
955,18.82718884166986
956,8.519999999999996
957,15.190904776279485
958,6.670000000000002
959,9.818130419861733
960,4.790000000000006
961,6.727052081635909
962,9.689999999999998
963,16.24975433752773
964,20.189999999999998
965,30.497115795397104
966,17.93
967,30.98213886795517
968,12.740000000000002
969,14.870471987935405
970,2.5
971,3.32381938910544
972,8.120000000000005
973,14.537579873153566
974,9.890000000000008
975,13.328988876256682
976,3.5500000000000043
977,3.6378384182611785
978,18.619999999999997
979,30.158472037696455
980,5.769999999999996
981,11.114170848549096
982,9.730000000000004
983,19.270553090958103
984,9.520000000000003
985,16.076203345356788
986,10.25
987,15.607024288608942
988,5.399999999999999
989,8.105377222344321
990,8.300000000000011
991,13.862738854674333
992,6.97999999999999
993,11.848811546894291
994,4.43
995,5.7894863544151525
996,2.259999999999998
997,4.303343895912454
998,6.1399999999999935
999,10.177299010811577
1000,7.980000000000004
1001,11.347276679159016
1002,3.579999999999991
1003,4.704540507881136
1004,7.699999999999996
1005,15.103039883911448
1006,14.829999999999998
1007,29.332114130066905
1008,14.010000000000005
1009,25.12074746206156
1010,9.560000000000002
1011,10.749350915693515
1012,2.1799999999999997
1013,2.6944746944223708
1014,9.550000000000004
1015,13.302578373547739
1016,9.120000000000005
1017,17.43005091007508
1018,5.809999999999995
1019,6.826657794349584
1020,8.71
1021,17.034348360669426
1022,12.159999999999997
1023,23.0818871231643
1024,10.120000000000005
1025,15.594862850893122
1026,12.11
1027,20.085314777705495
1028,12.689999999999998
1029,14.106189543654699
1030,8.479999999999997
1031,16.12353552135763
1032,8.400000000000006
1033,15.99400674557224
1034,7.830000000000005
1035,11.570127101893837
1036,12.719999999999999
1037,21.07991526869542
1038,12.460000000000008
1039,14.182087259863364
1040,3.4099999999999966
1041,6.429693300031238
1042,2.270000000000003
1043,2.7907583843181945
1044,7.699999999999996
1045,7.8295728501689865
1046,13.590000000000003
1047,18.112014832935706
1048,14.179999999999993
1049,14.381676532626939
1050,16.64
1051,18.166910329779565
1052,12.229999999999997
1053,12.723435075516557
1054,5.920000000000002
1055,10.187098166014291
1056,15.210000000000008
1057,23.408842797196204
1058,6.619999999999997
1059,10.276223555924297
1060,16.020000000000003
1061,29.017715073955582
1062,14.170000000000002
1063,19.458875410512597
1064,4.769999999999996
1065,7.195097637495025
1066,7.099999999999994
1067,8.628597828349601
1068,16.440000000000005
1069,23.595022317440854
1070,7.1399999999999935
1071,7.9373639231990465
1072,11.930000000000007
1073,22.660593982877103
1074,25.349999999999994
1075,33.102882505355744
1076,4.419999999999995
1077,7.968376018203756
1078,18.93
1079,32.84002565880091
1080,16.650000000000006
1081,22.05637585825835
1082,7.050000000000004
1083,12.28772980018928
1084,11.389999999999993
1085,18.694226625438375
1086,7.770000000000003
1087,9.479748826373813
1088,5.479999999999997
1089,6.775102548618956
1090,20.310000000000002
1091,34.880467600114144
1092,15.66000000000001
1093,26.48936880592852
1094,14.820000000000007
1095,21.345224931766914
1096,19.97999999999999
1097,25.23339413818925
1098,3.8599999999999994
1099,5.3123166700605315
1100,8.230000000000004
1101,11.658961291664895
1102,10.820000000000007
1103,18.696005291835355
1104,22.010000000000005
1105,37.24816709386419
1106,6.539999999999999
1107,6.605350749900385
1108,2.759999999999998
1109,5.451661987128648
1110,9.060000000000002
1111,11.909347652293174
1112,19.11
1113,28.21568500838495
1114,5.300000000000004
1115,6.494097480328675
1116,5.560000000000002
1117,10.915917693535413
1118,19.17
1119,19.34560782718049
1120,8.449999999999996
1121,16.799695787753937
1122,3.9200000000000017
1123,7.06898770664804
1124,12.88000000000001
1125,15.209349852781415
1126,14.469999999999999
1127,24.199333544968425
1128,9.010000000000005
1129,15.964521343576028
1130,9.059999999999995
1131,9.69167473774257
1132,18.340000000000003
1133,32.10480059952685
1134,28.39999999999999
1135,53.11992715042242
1136,4.769999999999996
1137,6.228770226717369
1138,4.450000000000003
1139,8.300080772999989
1140,11.810000000000002
1141,15.997165731744309
1142,5.950000000000003
1143,8.20180260861617
1144,6.109999999999999
1145,9.51338312102302
1146,2.219999999999999
1147,2.5083668437516504
1148,13.04
1149,21.8290408347022
1150,11.220000000000006
1151,17.469924826355882
1152,7.539999999999999
1153,9.757001529138316
1154,4.82
1155,7.818531166672414
1156,4.079999999999998
1157,8.070939605986357
1158,6.710000000000001
1159,12.926294542364737
1160,26.980000000000004
1161,30.321428705517814
1162,8.490000000000002
1163,10.155821085473196
1164,12.330000000000005
1165,16.87941629254093
1166,10.989999999999995
1167,16.02996338826356
1168,7.189999999999998
1169,8.706163576921627
1170,3.489999999999995
1171,3.9915168061691957
1172,14.5
1173,17.65182173028262
1174,9.369999999999997
1175,18.303373445774863
1176,7.25
1177,9.564359137810802
1178,8.86
1179,15.235447675358468
1180,13.719999999999999
1181,21.8360916594749
1182,10.949999999999996
1183,14.574540058949006
1184,8.129999999999995
1185,13.021985878002688
1186,30.810000000000002
1187,55.98648142033784
1188,16.21
1189,19.265987770667092
1190,17.29
1191,29.469187523447232
1192,7.760000000000005
1193,14.309035172048993
1194,10.400000000000006
1195,14.838434608755941
1196,10.630000000000003
1197,10.70190654877398
1198,10.530000000000001
1199,12.234104830111818
1200,2.3900000000000006
1201,3.8714222809374026
1202,15.930000000000007
1203,17.89945235453512
1204,12.929999999999993
1205,17.833909490765528
1206,11.120000000000005
1207,16.830116949709446
1208,9.719999999999999
1209,14.458018283389759
1210,9.850000000000009
1211,17.320120751739488
1212,1.8499999999999943
1213,3.296598745626306
1214,8.43
1215,9.454517952829308
1216,11.659999999999997
1217,22.999544858374474
1218,5.849999999999994
1219,9.560600770045085
1220,19.61
1221,26.353650136780942
1222,2.789999999999999
1223,3.3150124113418076
1224,11.970000000000006
1225,18.766309875790135
1226,6.819999999999993
1227,9.895458466323081
1228,3.1799999999999997
1229,3.745892097690453
1230,9.919999999999995
1231,11.305618922892027
1232,9.11
1233,16.292841258739454
1234,8.809999999999995
1235,10.867177684757296
1236,14.800000000000004
1237,19.459801946303312
1238,7.5
1239,13.560440175522272
1240,18.120000000000005
1241,24.6138884150515
1242,11.649999999999999
1243,15.072416052788943
1244,8.97999999999999
1245,14.015188147138874
1246,8.619999999999997
1247,16.044926225009537
1248,3.9199999999999946
1249,5.304112692974009
1250,5.68
1251,10.919943475994124
1252,16.89999999999999
1253,22.077190432361427
1254,7.000000000000007
1255,12.369935839522437
1256,13.700000000000003
1257,17.607007702096094
1258,5.649999999999999
1259,7.234320711131634
1260,10.669999999999987
1261,12.60940277398444
1262,8.049999999999997
1263,14.351379930563347
1264,4.030000000000001
1265,5.3529746816786465
1266,8.199999999999996
1267,12.39805511530874
1268,2.1300000000000026
1269,3.5866842593298944
1270,16.019999999999996
1271,25.639805692675388
1272,11.71
1273,19.506507302742417
1274,12.879999999999995
1275,16.928785506962456
1276,9.189999999999998
1277,17.40872532486274
1278,12.420000000000002
1279,17.20320723766395
1280,3.1300000000000026
1281,3.541424815906151
1282,5.089999999999996
1283,6.043728194525952
1284,3.190000000000005
1285,3.9196562017953123
1286,20.510000000000005
1287,35.66152993480077
1288,5.660000000000004
1289,7.552476081472503
1290,7.1200000000000045
1291,8.98142619358943
1292,4.269999999999996
1293,5.0979024352146
1294,11.209999999999994
1295,11.588066410387958
1296,12.239999999999995
1297,14.051650954746068
1298,8.639999999999993
1299,10.126202024775205
1300,7.399999999999999
1301,10.423133427462128
1302,8.829999999999998
1303,15.756155120245028
1304,4.049999999999997
1305,6.110811316918377
1306,15.090000000000003
1307,18.511842279074628
1308,9.57
1309,12.147755081778538
1310,14.269999999999996
1311,16.73533021071731
1312,21.269999999999996
1313,26.250884790126
1314,7.479999999999997
1315,7.839085426398003
1316,14.160000000000004
1317,16.257088470554066
1318,9.100000000000009
1319,15.712247767658562
1320,14.579999999999991
1321,21.76390005406915
1322,5.450000000000003
1323,6.888230270385461
1324,6.75
1325,10.662233020960038
1326,9.130000000000003
1327,11.37000876672094
1328,4.32
1329,4.86886128310129
1330,6.929999999999993
1331,10.331071320919003
1332,15.439999999999998
1333,15.83968983886883
1334,20.03
1335,39.85236721305848
1336,23.67
1337,41.5114562755594
1338,8.760000000000005
1339,10.810163206868308
1340,20.78
1341,24.25396389040719
1342,13.390000000000008
1343,16.80525419389825
1344,3.960000000000001
1345,6.039215411572886
1346,32.64
1347,41.9462278690537
1348,15.740000000000002
1349,17.662044970738265
1350,8.710000000000008
1351,9.858330796623678
1352,22.659999999999997
1353,27.634639348773963
1354,6.5
1355,7.490109920236227
1356,15.970000000000006
1357,17.14044028452573
1358,5.660000000000004
1359,9.320484493736013
1360,8.29
1361,10.579847970285178
1362,13.549999999999997
1363,23.338896405580304
1364,9.38000000000001
1365,15.485318539106292
1366,12.489999999999995
1367,13.961624584349192
1368,6.169999999999995
1369,10.405243989000331
1370,15.0
1371,22.924658131630398
1372,11.890000000000008
1373,17.728239480268837
1374,3.1799999999999997
1375,3.2254990586938095
1376,12.29999999999999
1377,21.749826472297006
1378,9.469999999999999
1379,9.593415375634319
1380,8.89
1381,11.860023578882263
1382,5.25
1383,10.10614733185755
1384,9.339999999999996
1385,9.713850560587801
1386,19.0
1387,24.535588374875747
1388,7.539999999999999
1389,13.70701152297394
1390,6.649999999999999
1391,10.118302115849966
1392,3.8999999999999986
1393,6.559068343015948
1394,14.27000000000001
1395,17.557718714645564
1396,30.17
1397,34.92589718436849
1398,19.989999999999995
1399,32.4030869472475
1400,9.769999999999996
1401,17.837365763906334
1402,3.019999999999996
1403,4.804862890172287
1404,10.099999999999994
1405,18.71434613551627
1406,5.940000000000005
1407,10.782998084349662
1408,4.200000000000003
1409,5.015415160432153
1410,14.79
1411,28.847818441067144
1412,4.189999999999998
1413,4.887839143100478
1414,9.780000000000001
1415,11.24846425353137
1416,12.839999999999996
1417,19.35087949766529
1418,7.619999999999997
1419,8.660227972502602
1420,17.070000000000007
1421,30.550411231627752
1422,19.41000000000001
1423,23.054319145684985
1424,7.109999999999999
1425,8.323559679394803
1426,4.520000000000003
1427,5.347426229594672
1428,6.240000000000009
1429,6.596568307099483
1430,10.159999999999997
1431,19.37564960846568
1432,20.19999999999999
1433,27.250216615572896
1434,10.099999999999994
1435,19.630112492918016
1436,2.1599999999999966
1437,4.130329671390383
1438,4.130000000000003
1439,4.1459777315292206
1440,3.210000000000001
1441,6.240014709478916
1442,20.53
1443,25.053353529869746
1444,14.11999999999999
1445,23.79153315220514
1446,6.6299999999999955
1447,12.823435275053612
1448,6.330000000000005
1449,8.616731746161047
1450,9.719999999999999
1451,19.252000883942678
1452,7.400000000000006
1453,13.184180893196903
1454,30.67
1455,37.0450030398957
1456,16.140000000000008
1457,30.876286565515077
1458,7.490000000000009
1459,7.96465180094871
1460,17.66000000000001
1461,28.094898301524125
1462,3.3399999999999963
1463,6.291583490475357
1464,5.420000000000002
1465,5.427756261465852
1466,4.289999999999999
1467,5.665033005055003
1468,8.64
1469,11.869311804122267
1470,3.5600000000000023
1471,6.752730533316559
1472,7.609999999999999
1473,10.81096401019031
1474,18.19999999999999
1475,21.280030380206227
1476,19.03
1477,37.621648174789144
1478,8.690000000000005
1479,8.755073743653172
1480,19.769999999999996
1481,36.529248670312484
1482,21.620000000000005
1483,42.3305261632751
1484,3.5500000000000043
1485,7.091325179941109
1486,8.739999999999995
1487,9.131592087136363
1488,8.39
1489,9.509921031103254
1490,8.300000000000004
1491,14.628968508994271
1492,19.08
1493,36.697703304059
1494,31.659999999999997
1495,31.94234083765899
1496,10.25
1497,11.441657551172222
1498,5.560000000000002
1499,8.3694711726682
1500,10.329999999999998
1501,10.343797820241242
1502,20.569999999999993
1503,28.791610436697212
1504,21.800000000000004
1505,33.75076242148157
1506,6.939999999999998
1507,7.439228228082021
1508,17.61
1509,21.983746408341762
1510,19.08
1511,21.554763474944682
1512,9.400000000000006
1513,13.794180023108979
1514,9.850000000000001
1515,18.314420501688698
1516,8.780000000000008
1517,15.043521495577773
1518,16.47
1519,18.423880963986583
1520,13.610000000000007
1521,16.83845752508078
1522,2.6799999999999997
1523,4.64596474914768
1524,3.3100000000000023
1525,4.597978480057625
1526,12.979999999999997
1527,23.69782062047226
1528,11.760000000000005
1529,14.090318250265259
1530,6.039999999999992
1531,10.616221611474236
1532,18.16000000000001
1533,23.813319524513663
1534,6.969999999999999
1535,10.342435612922298
1536,21.060000000000002
1537,35.84206880583927
1538,8.89
1539,15.235963889661587
1540,3.990000000000002
1541,4.47886159715557
1542,12.529999999999994
1543,16.584312260030607
1544,2.9000000000000057
1545,4.673637908636267
1546,11.439999999999998
1547,12.262350433742618
1548,8.630000000000003
1549,16.013419999249244
1550,6.010000000000005
1551,6.179262441350651
1552,18.869999999999997
1553,35.617509293905506
1554,12.949999999999996
1555,23.821092481336677
1556,11.139999999999993
1557,11.498462274523936
1558,6.18
1559,6.435599497526703
1560,6.6000000000000085
1561,10.155702405138856
1562,5.340000000000003
1563,6.63893879297624
1564,24.929999999999993
1565,42.919467965457486
1566,10.320000000000007
1567,14.037982199854012
1568,28.89
1569,56.92283116422726
1570,47.82000000000001
1571,90.73697637434279
1572,10.599999999999994
1573,13.162451335904828
1574,14.939999999999998
1575,23.43780948647468
1576,8.25
1577,10.07376650791292
1578,7.789999999999992
1579,9.517240529587339
1580,13.560000000000002
1581,16.70816277301536
1582,2.219999999999999
1583,3.6618351473094344
1584,18.0
1585,34.434717167175585
1586,11.469999999999999
1587,16.231373835877378
1588,7.500000000000007
1589,9.431735024774548
1590,6.810000000000002
1591,13.390125964566867
1592,4.689999999999998
1593,7.572420205525057
1594,15.710000000000008
1595,27.84910425827804
1596,8.170000000000002
1597,8.533214317461418
1598,5.369999999999997
1599,9.55332376512672
1600,6.3500000000000085
1601,11.339930080878208
1602,15.880000000000003
1603,31.306867074569393
1604,7.579999999999998
1605,12.691079947388697
1606,15.990000000000009
1607,21.98030877383352
1608,13.159999999999997
1609,17.624186829455354
1610,13.740000000000002
1611,14.63907942940341
1612,19.650000000000006
1613,27.262116410167817
1614,21.939999999999998
1615,37.86891822384819
1616,13.240000000000002
1617,13.661418053297176
1618,11.669999999999995
1619,22.830212850522297
1620,8.960000000000008
1621,13.24202822181098
1622,21.989999999999995
1623,32.90169494159731
1624,6.63000000000001
1625,13.039080509604185
1626,11.04
1627,14.844121205354687
1628,5.119999999999997
1629,7.426294035007115
1630,9.069999999999993
1631,16.777314295067555
1632,10.440000000000005
1633,20.338906606222164
1634,12.400000000000006
1635,15.934660931068453
1636,10.090000000000003
1637,14.09154701149485
1638,26.459999999999994
1639,32.77429348820601
1640,8.839999999999996
1641,9.14982450250278
1642,13.18
1643,21.276826575164964
1644,5.8700000000000045
1645,10.30986582580116
1646,18.730000000000004
1647,29.99696081317889
1648,14.260000000000005
1649,18.801880231148047
1650,8.68999999999999
1651,10.705980741693667
1652,5.239999999999995
1653,7.964602841356147
1654,11.919999999999995
1655,18.425996157202533
1656,12.240000000000002
1657,12.971842632644988
1658,11.320000000000007
1659,21.36987390529818
1660,12.75
1661,23.919565825721754
1662,3.1299999999999955
1663,4.68702596538285
1664,8.61
1665,12.135907446623447
1666,11.109999999999992
1667,21.755508459408357
1668,2.9299999999999997
1669,3.134067658298464
1670,12.740000000000002
1671,24.997889807440046
1672,24.710000000000008
1673,28.181489177045883
1674,12.239999999999995
1675,21.466002411448045
1676,13.130000000000003
1677,19.486219706925233
1678,3.460000000000001
1679,4.228000234451198
1680,15.57
1681,22.62126660380353
1682,10.800000000000004
1683,11.579068140559887
1684,13.16000000000001
1685,21.101136534379126
1686,5.049999999999997
1687,8.807831243018702
1688,8.719999999999999
1689,12.083045058563917
1690,15.059999999999995
1691,25.35094873266826
1692,2.3299999999999983
1693,3.5327701289508546
1694,15.490000000000009
1695,17.715815955226297
1696,5.270000000000003
1697,9.98265861026066
1698,16.18
1699,20.72280549012774
1700,7.02000000000001
1701,7.036376502349618
1702,7.850000000000001
1703,11.577321284633307
1704,30.110000000000007
1705,50.36705279578551
1706,13.900000000000006
1707,15.136738156010594
1708,12.750000000000007
1709,20.92651545063676
1710,19.700000000000003
1711,30.12511243120005
1712,41.099999999999994
1713,63.05205493702118
1714,15.409999999999997
1715,29.64982779324253
1716,11.049999999999997
1717,15.138719268977953
1718,13.079999999999998
1719,17.16717270276849
1720,6.5
1721,11.124194888359803
1722,12.760000000000005
1723,23.979084945993627
1724,6.729999999999997
1725,8.335524709529526
1726,10.799999999999997
1727,16.068815737831034
1728,3.4199999999999946
1729,5.588473469690341
1730,9.120000000000005
1731,17.812764795143835
1732,6.299999999999997
1733,9.1177165282013
1734,10.289999999999992
1735,14.832054872711726
1736,16.989999999999995
1737,25.61775740322457
1738,6.759999999999998
1739,7.016586064437195
1740,8.630000000000003
1741,10.207417318009332
1742,8.200000000000003
1743,14.852115377369788
1744,27.5
1745,39.039948510076684
1746,13.410000000000004
1747,19.623259014773936
1748,22.80000000000001
1749,33.369653097207596
1750,2.5999999999999943
1751,2.910755243552353
1752,12.590000000000003
1753,14.280845838204486
1754,37.65
1755,68.86710155563205
1756,17.439999999999998
1757,32.47776386453106
1758,4.490000000000002
1759,5.246448563216878
1760,4.840000000000003
1761,8.260176275064573
1762,3.0900000000000034
1763,5.1654237579415
1764,7.52000000000001
1765,13.1818887357126
1766,21.53
1767,24.369357516646616
1768,20.439999999999998
1769,27.41906004366102
1770,18.979999999999997
1771,35.16584359535352
1772,4.07
1773,6.143383298515206
1774,20.979999999999997
1775,30.046229521975928
1776,18.489999999999995
1777,22.835291843693298
1778,19.490000000000002
1779,19.49846494055479
1780,8.779999999999994
1781,11.881445132755614
1782,10.839999999999996
1783,16.809102477609414
1784,8.739999999999995
1785,13.951966052988535
1786,6.269999999999996
1787,12.250724094174382
1788,21.590000000000003
1789,26.44636116531674
1790,12.0
1791,13.07228525127945
1792,6.989999999999995
1793,11.979099934825072
1794,7.1299999999999955
1795,8.731626430450278
1796,11.70000000000001
1797,14.81593102550813
1798,12.13000000000001
1799,20.073750056482726
1800,5.979999999999997
1801,8.983863244850879
1802,4.189999999999998
1803,8.181296999745268
1804,18.11
1805,26.361139084080776
1806,17.060000000000002
1807,30.91098954554159
1808,19.120000000000005
1809,30.512888834415243
1810,24.840000000000003
1811,30.735486115314856
1812,19.78
1813,23.95204215495128
1814,9.089999999999996
1815,16.625911865690497
1816,12.930000000000007
1817,22.111231534741016
1818,9.499999999999993
1819,16.891986231085344
1820,3.549999999999997
1821,4.515663900935885
1822,9.840000000000003
1823,10.60738867264287
1824,4.090000000000003
1825,6.8264255343604585
1826,17.29
1827,19.293872023019293
1828,4.280000000000001
1829,5.871573088454567
1830,4.539999999999999
1831,8.337072213636896
1832,11.25
1833,16.71175199201413
1834,12.530000000000001
1835,16.611344304214057
1836,5.310000000000002
1837,5.549223860346568
1838,5.910000000000004
1839,11.25533378437141
1840,6.390000000000001
1841,9.78292586544629
1842,5.109999999999999
1843,9.389245977907548
1844,15.319999999999993
1845,30.452264354920025
1846,15.639999999999993
1847,23.950824057854906
1848,16.400000000000006
1849,31.838501155243875
1850,14.480000000000004
1851,22.96113806549303
1852,7.829999999999998
1853,10.490785533844171
1854,14.32
1855,23.85290177387242
1856,9.469999999999992
1857,17.66937896614684
1858,20.569999999999993
1859,38.61306330648395
1860,4.419999999999995
1861,5.6445626287399495
1862,4.990000000000002
1863,6.10264037865846
1864,7.769999999999996
1865,15.125653841828743
1866,4.329999999999998
1867,6.604608074912094
1868,11.080000000000005
1869,16.677513183583546
1870,8.949999999999996
1871,11.190687886953244
1872,7.329999999999998
1873,7.830015312097642
1874,16.589999999999996
1875,20.74249487757128
1876,6.150000000000006
1877,11.321350156113972
1878,27.299999999999997
1879,54.22366305888996
1880,5.8700000000000045
1881,6.22179085580299
1882,20.659999999999997
1883,31.67229876217618
1884,12.639999999999993
1885,18.369733089693558
1886,5.130000000000003
1887,8.896165651967964
1888,5.109999999999999
1889,5.327463067023539
1890,2.6999999999999957
1891,3.998338941153639
1892,13.0
1893,21.4130483007295
1894,9.980000000000004
1895,19.473239125627256
1896,3.4499999999999957
1897,6.002837864808392
1898,13.469999999999992
1899,19.676162033641134
1900,5.109999999999999
1901,7.784108928094106
1902,14.14
1903,19.916452542322368
1904,5.07
1905,5.445445831974418
1906,15.420000000000002
1907,25.465309122018656
1908,8.290000000000006
1909,10.136973777811592
1910,25.47
1911,42.33175681971019
1912,12.060000000000002
1913,12.132021852454628
1914,8.969999999999992
1915,9.100437823885914
1916,16.21
1917,22.99624263689824
1918,7.5
1919,10.673188654046
1920,11.419999999999995
1921,17.988152690040813
1922,16.629999999999995
1923,25.629432477878783
1924,12.629999999999995
1925,24.568430725109806
1926,4.990000000000002
1927,7.069319376663946
1928,7.800000000000004
1929,14.507517021097204
1930,8.529999999999994
1931,11.106394830891722
1932,10.270000000000003
1933,20.016891347565146
1934,2.1199999999999974
1935,2.653427569722666
1936,5.469999999999999
1937,6.253943665644352
1938,9.469999999999999
1939,16.445587109341652
1940,6.630000000000003
1941,13.01359518995115
1942,8.93
1943,14.356484750885924
1944,8.049999999999997
1945,9.367519459816565
1946,4.8700000000000045
1947,5.692789222689353
1948,13.899999999999999
1949,22.661514074496846
1950,15.099999999999994
1951,17.5953747370252
1952,15.009999999999991
1953,29.18694131546409
1954,26.209999999999994
1955,42.74851295085294
1956,8.33999999999999
1957,12.022432099906931
1958,13.18
1959,19.564800997196958
1960,4.059999999999995
1961,4.3270433642231
1962,4.359999999999999
1963,7.154131708872459
1964,9.219999999999999
1965,14.657780973700854
1966,9.759999999999998
1967,12.829068178412196
1968,16.159999999999997
1969,30.630722870956614
1970,5.579999999999998
1971,10.574205314560594
1972,38.279999999999994
1973,62.254032793866244
1974,12.310000000000002
1975,19.121114406457018
1976,4.079999999999998
1977,4.394318841106021
1978,6.670000000000002
1979,10.492837547858247
1980,7.319999999999993
1981,9.744164712249152
1982,15.280000000000001
1983,29.0708842234651
1984,10.329999999999998
1985,17.06716282914338
1986,6.089999999999996
1987,11.750917452618456
1988,17.879999999999995
1989,31.394921991577583
1990,2.990000000000002
1991,3.819659395738923
1992,19.120000000000005
1993,28.17100189808833
1994,9.130000000000003
1995,12.488158746886636
1996,5.130000000000003
1997,6.475555139655863
1998,5.6200000000000045
1999,6.4923486253014975
2000,15.11999999999999
2001,26.50718485475163
2002,13.329999999999998
2003,24.17848323583553
2004,12.219999999999999
2005,22.807534107414433
2006,5.859999999999999
2007,7.91580518565231
2008,3.8500000000000014
2009,4.062419133244576
2010,9.780000000000001
2011,9.881164746882014
2012,9.589999999999996
2013,11.332806544750747
2014,6.969999999999999
2015,12.974436250565436
2016,25.390000000000008
2017,44.27395524609459
2018,6.8700000000000045
2019,8.017747701824733
2020,18.22999999999999
2021,35.64820707212232
2022,3.759999999999998
2023,5.778570600772488
2024,7.320000000000007
2025,14.216030090866678
2026,9.170000000000002
2027,12.157123540290877
2028,12.879999999999995
2029,18.422665960902965
2030,19.620000000000005
2031,21.198598538494807
2032,15.329999999999998
2033,24.002808947389784
2034,3.6300000000000026
2035,3.8475394705915935
2036,12.530000000000001
2037,16.49101951034509
2038,5.93
2039,8.434203320017296
2040,21.049999999999997
2041,21.32622647707004
2042,7.18
2043,11.459646197290038
2044,6.549999999999997
2045,7.3600768424336245
2046,8.750000000000007
2047,9.766829933358137
2048,21.11
2049,41.974107277373236
2050,6.229999999999997
2051,10.09870392944126
2052,14.760000000000005
2053,18.494795419116716
2054,15.399999999999991
2055,24.612673809365543
2056,3.8699999999999974
2057,4.197243612690965
2058,3.8699999999999974
2059,3.93948101979479
2060,10.730000000000004
2061,11.9979516502249
2062,3.9099999999999966
2063,5.706840581546907
2064,20.900000000000006
2065,21.566041767651278
2066,1.8200000000000003
2067,2.2651876225825314
2068,5.0
2069,9.270045623210681
2070,26.61
2071,40.06142231810597
2072,17.560000000000002
2073,17.616020802823225
2074,13.549999999999997
2075,17.733240588542117
2076,9.649999999999999
2077,14.97844768113983
2078,7.289999999999999
2079,12.181177550282197
2080,5.759999999999998
2081,8.499594052590231
2082,16.150000000000006
2083,20.39489089895643
2084,7.449999999999996
2085,9.913466221900208
2086,8.64
2087,9.424923614390726
2088,18.849999999999994
2089,21.409864897403242
2090,31.500000000000007
2091,32.47439508222182
2092,10.079999999999998
2093,13.890432536077475
2094,3.8700000000000045
2095,5.708490390862824
2096,9.920000000000002
2097,17.222143983319842
2098,13.799999999999997
2099,25.45654675894143
2100,12.659999999999997
2101,13.358965927656467
2102,7.739999999999995
2103,8.192958390449737
2104,20.989999999999995
2105,24.912208591221184
2106,8.309999999999995
2107,14.184421863180502
2108,4.080000000000005
2109,6.007094547813105
2110,9.499999999999993
2111,18.843042057099503
2112,8.46
2113,12.675873730290439
2114,9.47999999999999
2115,10.134068543374617
2116,7.269999999999996
2117,9.26586530179191
2118,4.710000000000001
2119,7.178924654754109
2120,11.340000000000003
2121,12.195331242019734
2122,4.480000000000004
2123,5.67737020434688
2124,8.549999999999997
2125,10.946727081041407
2126,7.030000000000008
2127,8.739913061757882
2128,14.990000000000009
2129,29.057138633118534
2130,10.250000000000007
2131,14.01522424411694
2132,36.019999999999996
2133,61.020039113050494
2134,12.150000000000006
2135,18.170070820861238
2136,5.269999999999996
2137,8.107975686697438
2138,16.449999999999996
2139,16.963519460749787
2140,9.579999999999998
2141,15.16340220821567
2142,11.509999999999998
2143,15.9016367583871
2144,3.010000000000005
2145,3.026083811842781
2146,5.020000000000003
2147,5.337905346434048
2148,9.980000000000004
2149,16.98587644106991
2150,5.530000000000001
2151,9.156196779207034
2152,4.109999999999999
2153,8.196077739382917
2154,11.760000000000005
2155,19.562128409303895
2156,6.36999999999999
2157,11.85670311458434
2158,20.040000000000006
2159,36.328851095362815
2160,9.879999999999995
2161,16.011498779627445
2162,18.959999999999994
2163,25.249626923306888
2164,10.71
2165,16.47471940949943
2166,3.3599999999999994
2167,5.72092523114358
2168,7.439999999999998
2169,7.786758978583212
2170,26.879999999999995
2171,28.110137785551533
2172,6.3999999999999915
2173,7.787824680445136
2174,4.8700000000000045
2175,9.263773277311918
2176,19.54
2177,30.181900888711667
2178,3.539999999999999
2179,3.898030855421417
2180,20.919999999999987
2181,32.1066555124417
2182,17.440000000000012
2183,20.841251445448965
2184,11.689999999999998
2185,21.02533651103455
2186,19.169999999999995
2187,23.295248977979185
2188,9.090000000000003
2189,15.947796900121816
2190,39.3
2191,46.1510119000597
2192,9.569999999999993
2193,17.212439584303905
2194,19.620000000000005
2195,39.00118249164093
2196,14.159999999999997
2197,18.030227497190605
2198,8.349999999999994
2199,10.113622386865739
2200,14.909999999999997
2201,27.980446854407994
2202,8.89
2203,13.164936670842193
2204,25.310000000000002
2205,39.43598577521438
2206,12.609999999999992
2207,12.746744178784109
2208,14.700000000000003
2209,29.35645261730558
2210,11.369999999999997
2211,17.47582227357286
2212,12.620000000000005
2213,23.799536486256624
2214,3.009999999999998
2215,3.3534613436301615
2216,11.170000000000009
2217,12.446391346067847
2218,15.569999999999993
2219,25.182101882823865
2220,14.150000000000006
2221,16.318878571741976
2222,5.3600000000000065
2223,10.29066252276007
2224,19.32999999999999
2225,26.81493896114248
2226,12.420000000000002
2227,19.985333378215095
2228,16.049999999999997
2229,21.898527013685467
2230,10.670000000000009
2231,16.84911925999553
2232,11.009999999999991
2233,21.853832937741632
2234,8.71
2235,17.05515380044852
2236,31.900000000000006
2237,38.59543140750461
2238,4.039999999999999
2239,6.4658870830523005
2240,4.259999999999998
2241,8.117419936399436
2242,16.650000000000006
2243,22.88629510532704
2244,2.730000000000004
2245,5.199630649409967
2246,30.67
2247,60.05070709345106
2248,11.399999999999999
2249,16.988091211498528
2250,6.989999999999995
2251,11.625100469742925
2252,5.829999999999998
2253,6.815499861326936
2254,42.63000000000001
2255,66.83686973834314
2256,15.14
2257,26.618164398634313
2258,5.769999999999996
2259,7.097571824875584
2260,14.670000000000002
2261,23.741643294281353
2262,21.619999999999997
2263,37.7212857465326
2264,6.789999999999999
2265,7.05327024771158
2266,18.970000000000013
2267,37.71018326542533
2268,4.920000000000002
2269,9.752707471271435
2270,8.469999999999999
2271,9.07018326630121
2272,4.440000000000005
2273,7.299849260978499
2274,11.300000000000004
2275,18.37214504862428
2276,3.710000000000001
2277,3.772929094056859
2278,14.189999999999998
2279,25.40899854441576
2280,6.239999999999995
2281,6.806254583504755
2282,6.75
2283,11.80698368211041
2284,13.810000000000002
2285,17.61839475818372
2286,9.220000000000006
2287,12.187514099796076
2288,11.840000000000003
2289,19.58969353379419
2290,8.439999999999998
2291,13.680709507110619
2292,5.699999999999996
2293,8.21428268785296
2294,4.240000000000002
2295,4.816838486581376
2296,5.299999999999997
2297,7.038485439513154
2298,11.950000000000003
2299,23.86384401291097
2300,15.320000000000007
2301,27.036826553644993
2302,15.11
2303,26.50005803206608
2304,11.199999999999996
2305,17.660291318186534
2306,3.5799999999999983
2307,6.838127580640771
2308,7.789999999999999
2309,12.368418944095579
2310,9.460000000000008
2311,16.77608701723083
2312,11.009999999999998
2313,17.69345821815698
2314,2.710000000000001
2315,3.0062603986229
2316,20.879999999999995
2317,29.390210276769107
2318,3.789999999999999
2319,5.690984043486432
2320,7.089999999999996
2321,8.399029894406128
2322,6.269999999999996
2323,8.416510581892721
2324,13.309999999999995
2325,25.471955363379546
2326,4.349999999999994
2327,7.1035180311001245
2328,3.780000000000001
2329,4.403257094988441
2330,16.97
2331,20.362199336726814
2332,6.210000000000001
2333,11.855563982731097
2334,7.410000000000004
2335,13.920916994161532
2336,7.6299999999999955
2337,13.72089487332985
2338,5.68
2339,6.481962027980256
2340,4.789999999999999
2341,6.405205803222909
2342,11.549999999999997
2343,19.62196966201789
2344,11.549999999999997
2345,22.54501175251417
2346,24.700000000000003
2347,37.741195025822236
2348,13.199999999999996
2349,15.481971198659592
2350,7.450000000000003
2351,14.488132269676925
2352,6.640000000000008
2353,9.087413373198693
2354,5.43
2355,7.192738354832926
2356,12.489999999999995
2357,14.839847075639856
2358,13.310000000000002
2359,19.42119799138983
2360,12.83999999999999
2361,24.183195998159064
2362,5.539999999999999
2363,10.225918168971242
2364,5.359999999999999
2365,7.231620191328105
2366,13.849999999999994
2367,19.20683214454378
2368,17.17
2369,18.71035567476614
2370,15.14
2371,22.071492175358596
2372,15.22999999999999
2373,29.42356963969046
2374,3.6400000000000006
2375,6.8966588789123815
2376,11.759999999999998
2377,13.78867891199361
2378,17.279999999999994
2379,31.561635103026486
2380,6.719999999999999
2381,6.76625012758831
2382,4.509999999999998
2383,6.429806145394809
2384,11.959999999999994
2385,18.44521949170528
2386,6.709999999999994
2387,7.631593007929938
2388,7.609999999999992
2389,14.61714747035043
2390,13.08999999999999
2391,26.11134993369281
2392,10.270000000000003
2393,12.894857564183964
2394,5.980000000000004
2395,11.488309097102903
2396,7.3899999999999935
2397,9.961411564764958
2398,2.719999999999999
2399,4.4944234282971935
2400,4.280000000000001
2401,4.7932268691330435
2402,11.730000000000004
2403,17.575326758480422
2404,4.310000000000002
2405,7.9841749056923454
2406,17.47
2407,20.21662400805374
2408,2.3699999999999974
2409,4.717239215627322
2410,8.25
2411,9.448228189288592
2412,5.420000000000002
2413,6.480891721612443
2414,9.719999999999999
2415,10.438799928941958
2416,15.450000000000003
2417,29.582337430555697
2418,10.110000000000007
2419,19.25656316767335
2420,10.43
2421,15.980334909042357
2422,7.949999999999996
2423,8.146072455068852
2424,18.700000000000003
2425,34.22416017933124
2426,8.770000000000003
2427,12.211361671837018
2428,22.00999999999999
2429,24.906766591216122
2430,6.959999999999994
2431,13.25491051111504
2432,10.11
2433,18.722904231965867
2434,18.33
2435,30.62145745143238
2436,13.14
2437,16.383971853423393
2438,20.0
2439,39.824505102840156
2440,9.599999999999994
2441,15.86769688311847
2442,12.949999999999996
2443,22.803685425353056
2444,7.829999999999998
2445,11.422641659890285
2446,25.509999999999998
2447,49.489128154045034
2448,5.730000000000004
2449,7.574312547387191
2450,4.850000000000001
2451,7.653005640246499
2452,2.519999999999996
2453,3.4546290408092593
2454,12.54
2455,12.89002350334091
2456,5.700000000000003
2457,7.435663445202513
2458,9.660000000000004
2459,15.020967777065174
2460,7.519999999999996
2461,8.958138872445334
2462,21.230000000000004
2463,36.94136467257969
2464,17.459999999999994
2465,25.11458976912336
2466,3.210000000000001
2467,3.7903424548532465
2468,13.190000000000005
2469,23.556649452309287
2470,4.490000000000002
2471,8.76801456214061
2472,15.299999999999997
2473,20.426657164553422
2474,14.979999999999997
2475,24.067906947223317
2476,10.870000000000005
2477,20.271777675345355
2478,6.810000000000002
2479,7.304232050919325
2480,15.449999999999996
2481,17.970975937912083
2482,9.670000000000009
2483,12.10673735274924
2484,19.77000000000001
2485,23.31818424501301
2486,7.240000000000002
2487,11.703528415206776
2488,2.739999999999995
2489,5.116159468281036
2490,14.349999999999994
2491,18.74787630979725
2492,15.600000000000001
2493,18.976290738651493
2494,9.760000000000005
2495,14.715418701453041
2496,13.420000000000009
2497,23.28461710269832
2498,3.4200000000000017
2499,5.9910627231123135
2500,16.810000000000002
2501,31.47282409232468
2502,25.58
2503,40.7836568849514
2504,12.629999999999995
2505,17.352384757223366
2506,5.210000000000001
2507,5.330092597202853
2508,8.799999999999997
2509,10.608367414987327
2510,3.8699999999999974
2511,4.7322687177587595
2512,6.68
2513,13.301100404113122
2514,2.019999999999996
2515,2.422543053099338
2516,11.100000000000001
2517,19.403494010365545
2518,14.189999999999998
2519,23.38402580614436
2520,6.510000000000005
2521,11.391320084631952
2522,6.450000000000003
2523,9.673214700961243
2524,34.209999999999994
2525,59.97093040698106
2526,5.72999999999999
2527,6.681547503969382
2528,9.979999999999997
2529,14.827523575502724
2530,4.82
2531,8.92919117088148
2532,13.780000000000001
2533,22.206406400034925
2534,17.47
2535,33.469993705405884
2536,10.869999999999997
2537,11.763625859950917
2538,16.799999999999997
2539,30.95417636688854
2540,10.549999999999997
2541,16.886621208155002
2542,10.589999999999996
2543,11.0406634369687
2544,13.36
2545,23.110671988333774
2546,16.250000000000007
2547,26.460686792364466
2548,11.79
2549,22.78347083895256
2550,17.0
2551,29.351601876781558
2552,6.259999999999998
2553,8.204733446653327
2554,2.559999999999995
2555,4.709969574350784
2556,4.039999999999999
2557,6.974831554947768
2558,32.43000000000001
2559,38.30763752836665
2560,17.43
2561,33.71255046052719
2562,17.83
2563,33.503237012603485
2564,9.25
2565,13.491197864314554
2566,4.75
2567,9.410275449488042
2568,4.340000000000003
2569,5.6146321874475325
2570,8.5
2571,15.646612078567218
2572,5.3700000000000045
2573,8.228281521442556
2574,11.200000000000003
2575,18.328172686103194
2576,17.279999999999994
2577,33.508250529048404
2578,5.729999999999997
2579,9.814895781598416
2580,6.950000000000003
2581,11.49359462971482
2582,5.939999999999998
2583,11.157735125080206
2584,6.100000000000001
2585,8.36785426483472
2586,5.460000000000001
2587,9.129022191425722
2588,6.170000000000002
2589,9.023774939982692
2590,6.340000000000003
2591,12.35626813618887
2592,13.450000000000003
2593,20.560788241264163
2594,1.9100000000000037
2595,1.9996210904251182
2596,8.909999999999997
2597,9.132064027406795
2598,11.599999999999994
2599,16.805738099009464
2600,4.060000000000002
2601,4.371638475678278
2602,14.009999999999998
2603,22.096275614046064
2604,5.730000000000004
2605,7.738889762860579
2606,21.5
2607,37.780806648104125
2608,5.510000000000005
2609,5.893626719227366
2610,11.280000000000001
2611,21.155868256359522
2612,5.909999999999997
2613,9.171732798437352
2614,21.27000000000001
2615,22.938376667623373
2616,4.359999999999999
2617,7.946017109097058
2618,20.040000000000006
2619,35.159698486061096
2620,7.510000000000005
2621,8.847640537673662
2622,4.030000000000001
2623,4.428847747084543
2624,27.03
2625,34.22150930273103
2626,2.5700000000000003
2627,3.469227814357821
2628,8.79
2629,10.125451076612041
2630,12.439999999999998
2631,24.786109776763567
2632,4.009999999999998
2633,4.5123568772615945
2634,3.5
2635,6.8489215603190345
2636,16.380000000000003
2637,25.185141435792644
2638,31.970000000000006
2639,54.86047436271818
2640,5.6399999999999935
2641,10.279396993725188
2642,11.0
2643,19.377375156964316
2644,13.030000000000001
2645,22.482613062106065
2646,14.550000000000011
2647,15.026715446982058
2648,7.950000000000003
2649,13.038908301223465
2650,5.509999999999998
2651,10.618724728879744
2652,10.049999999999997
2653,20.0367686696733
2654,10.79
2655,18.948575113574396
2656,17.770000000000003
2657,28.01371712233622
2658,12.949999999999996
2659,24.646098981816625
2660,8.329999999999998
2661,10.513155484198332
2662,9.980000000000004
2663,11.9063566152353
2664,7.479999999999997
2665,8.224981735545398
2666,23.240000000000002
2667,38.720902002061436
2668,8.620000000000005
2669,14.571917368572283
2670,5.32
2671,8.50193777144344
2672,12.38000000000001
2673,22.29287859796955
2674,2.979999999999997
2675,5.598543860975938
2676,5.43
2677,10.521494332217673
2678,10.770000000000003
2679,21.032797385479004
2680,15.159999999999997
2681,28.458371125654686
2682,22.89999999999999
2683,26.330809845479674
2684,5.640000000000001
2685,7.76609446412688
2686,13.659999999999997
2687,22.394298150188956
2688,8.0
2689,15.540887448656793
2690,15.200000000000003
2691,17.931544971861886
2692,8.14
2693,10.271667023487447
2694,8.820000000000007
2695,13.49642772614751
2696,20.970000000000006
2697,24.713333730140132
2698,5.590000000000003
2699,7.201379786590788
2700,5.649999999999999
2701,7.890007841947115
2702,9.469999999999999
2703,9.97077178615584
2704,7.299999999999997
2705,14.539044100256863
2706,21.010000000000005
2707,36.27652868936064
2708,6.819999999999993
2709,9.013672953750092
2710,9.009999999999991
2711,14.575916816820643
2712,3.25
2713,6.0762274597839285
2714,11.399999999999999
2715,11.536308848448746
2716,10.850000000000009
2717,19.406318668307442
2718,8.079999999999998
2719,9.103557755037835
2720,25.499999999999993
2721,25.771141086584173
2722,9.270000000000003
2723,9.446117610255605
2724,9.97999999999999
2725,17.72387586161285
2726,3.3699999999999974
2727,4.58765571459695
2728,5.619999999999997
2729,8.606835702923348
2730,3.0800000000000054
2731,5.589811998863899
2732,7.980000000000004
2733,15.567663695657314
2734,15.370000000000005
2735,17.24325859812847
2736,21.78
2737,40.03312576963121
2738,13.330000000000005
2739,23.45445303897139
2740,5.260000000000005
2741,5.291414894629328
2742,8.350000000000001
2743,10.271836333675349
2744,18.65
2745,35.5538198776982
2746,11.399999999999999
2747,15.776378525047914
2748,16.560000000000002
2749,28.597757743839303
2750,8.149999999999999
2751,9.46061547540523
2752,12.63000000000001
2753,12.684015472676458
2754,15.060000000000002
2755,20.676964696478294
2756,3.219999999999999
2757,4.624988642452482
2758,16.22
2759,30.123567261494763
2760,19.909999999999997
2761,21.580375607436135
2762,6.659999999999997
2763,9.484456369077755
2764,8.64
2765,8.853377110880025
2766,7.109999999999999
2767,8.931815304337265
2768,18.799999999999997
2769,19.225374761309954
2770,12.629999999999995
2771,23.755332958408676
2772,4.149999999999999
2773,6.915085380794387
2774,14.140000000000008
2775,21.67505521604034
2776,36.800000000000004
2777,41.240258323427724
2778,9.759999999999998
2779,11.030434107432892
2780,10.770000000000003
2781,11.911520279223625
2782,14.769999999999996
2783,26.00771904869699
2784,20.489999999999995
2785,32.309411180306505
2786,18.4
2787,29.025456816318577
2788,9.5
2789,18.88364325119393
2790,12.659999999999997
2791,24.66826725883658
2792,12.969999999999999
2793,16.634144754831027
2794,9.440000000000005
2795,15.222262543142145
2796,8.810000000000002
2797,9.273849632398647
2798,2.6599999999999966
2799,3.0005740212290672
2800,13.11
2801,25.337572205188494
2802,14.879999999999995
2803,22.190488483233295
2804,9.369999999999997
2805,9.588364128150928
2806,10.539999999999992
2807,20.03807875845027
2808,6.459999999999994
2809,10.663764967033895
2810,15.890000000000008
2811,19.28571069378281
2812,10.509999999999991
2813,18.973038594821347
2814,3.3599999999999994
2815,5.122523323867293
2816,34.77
2817,50.84911159736417
2818,4.609999999999999
2819,5.994974898856458
2820,5.159999999999997
2821,6.405549301259304
2822,5.810000000000002
2823,8.60703171143052
2824,13.41000000000001
2825,25.127888275457188
2826,21.97
2827,38.05145203089557
2828,11.61
2829,17.069526867082175
2830,12.729999999999997
2831,16.060351545059635
2832,13.210000000000008
2833,17.683020941263326
2834,11.209999999999994
2835,14.9171564075811
2836,10.04
2837,16.48438845845558
2838,4.43
2839,7.289295964538645
2840,13.820000000000007
2841,17.736713634520864
2842,16.360000000000014
2843,16.465482298164012
2844,5.390000000000001
2845,6.730575252115499
2846,5.25
2847,6.455371474095425
2848,21.560000000000002
2849,38.72038820280898
2850,27.340000000000003
2851,54.63772425898985
2852,8.420000000000002
2853,9.009901565984544
2854,17.60000000000001
2855,32.527523981150644
2856,13.64
2857,16.01870116587212
2858,7.810000000000002
2859,15.502561436959123
2860,9.690000000000005
2861,16.864568293783908
2862,6.769999999999996
2863,8.307923289386084
2864,8.919999999999995
2865,15.667748252704522
2866,11.329999999999991
2867,21.767079323078192
2868,8.380000000000003
2869,12.450767823971072
2870,16.55000000000001
2871,20.005168732861225
2872,17.930000000000007
2873,33.446396697826856
2874,11.860000000000007
2875,20.047879278962046
2876,15.799999999999997
2877,17.43438133817952
2878,18.67
2879,31.565387602680236
2880,10.329999999999998
2881,12.506399145467894
2882,4.950000000000003
2883,6.865421490102592
2884,19.539999999999992
2885,30.868144220103982
2886,11.910000000000004
2887,18.951995068771716
2888,22.370000000000005
2889,35.493302100795084
2890,16.730000000000004
2891,19.164689036722496
2892,12.029999999999994
2893,16.120157295078933
2894,15.329999999999998
2895,17.868649618781483
2896,27.459999999999994
2897,36.1368415953588
2898,13.540000000000006
2899,15.145917085092027
2900,29.909999999999997
2901,55.0798515053583
2902,3.009999999999998
2903,4.538505504546227
2904,14.189999999999998
2905,26.438710780823534
2906,5.480000000000004
2907,9.361395984452454
2908,44.580000000000005
2909,82.38094359678549
2910,9.5
2911,15.928432181757685
2912,3.3200000000000003
2913,3.438339338503788
2914,4.700000000000003
2915,6.642168437736991
2916,15.39
2917,17.22659690522771
2918,9.619999999999997
2919,10.040073854243444
2920,6.439999999999998
2921,7.971078802784462
2922,11.190000000000005
2923,18.45786031442825
2924,18.700000000000003
2925,35.997793740666744
2926,7.850000000000001
2927,14.076824959677502
2928,6.009999999999998
2929,9.237974619918692
2930,5.82
2931,7.11433106182171
2932,12.580000000000005
2933,21.611426162984543
2934,2.8900000000000006
2935,5.290199342606792
2936,8.869999999999997
2937,16.559309005761108
2938,20.689999999999998
2939,32.361323515153174
2940,12.280000000000001
2941,17.317672322328775
2942,26.07
2943,41.243795554202386
2944,13.86
2945,16.833054778035553
2946,9.769999999999996
2947,13.315091344103994
2948,2.460000000000001
2949,3.0145264762962904
2950,10.060000000000002
2951,17.294950364562542
2952,25.72
2953,44.19692610636941
2954,4.150000000000006
2955,4.2299795985072
2956,5.350000000000001
2957,6.45267339919931
2958,12.310000000000002
2959,18.489809380766136
2960,11.050000000000004
2961,11.84762481601199
2962,9.54
2963,10.375937866171283
2964,11.169999999999995
2965,19.890150673353336
2966,4.75
2967,5.271301497071967
2968,9.660000000000004
2969,13.69472301296016
2970,4.170000000000002
2971,7.199730179488335
2972,11.290000000000006
2973,16.47848167078921
2974,16.640000000000008
2975,26.503526017937894
2976,7.140000000000001
2977,7.161875851704622
2978,2.4299999999999997
2979,4.296133754274395
2980,13.530000000000001
2981,25.050241696675574
2982,11.549999999999997
2983,20.74960010652343
2984,17.24000000000001
2985,30.59567427571662
2986,10.110000000000007
2987,16.518035859889437
2988,3.190000000000005
2989,5.699940405670708
2990,7.260000000000005
2991,14.25193628689051
2992,11.559999999999995
2993,18.74122305635071
2994,14.719999999999999
2995,22.689726753700175
2996,13.330000000000005
2997,13.720612063022688
2998,5.220000000000006
2999,10.127710872697323
3000,11.79
3001,13.301253546508162
3002,10.790000000000006
3003,17.53701875874996
3004,3.8799999999999955
3005,4.865213487580477
3006,11.189999999999998
3007,15.671783672281785
3008,10.290000000000006
3009,17.564508497524272
3010,35.59
3011,54.06644956436261
3012,6.3799999999999955
3013,9.434381386651062
3014,13.960000000000008
3015,27.099548787188127
3016,9.350000000000009
3017,12.101408123138578
3018,14.379999999999995
3019,18.32517267558564
3020,24.58999999999999
3021,34.76261414848637
3022,14.730000000000004
3023,23.062392134873765
3024,11.980000000000004
3025,17.797412103760312
3026,4.759999999999998
3027,6.764073065615328
3028,4.849999999999994
3029,9.224634538707019
3030,11.61
3031,16.616716616413644
3032,20.679999999999993
3033,21.743139293191874
3034,4.199999999999996
3035,5.547393668267239
3036,22.310000000000002
3037,33.149831559753956
3038,43.89
3039,74.86417348802681
3040,15.189999999999998
3041,19.831200860894537
3042,6.730000000000004
3043,11.236055832080252
3044,15.510000000000005
3045,21.589060256407436
3046,2.6600000000000037
3047,3.395794531642564
3048,17.61999999999999
3049,29.79603347991126
3050,11.099999999999994
3051,15.73007958130583
3052,6.619999999999997
3053,9.839432065664996
3054,7.690000000000005
3055,15.303536927382515
3056,12.610000000000007
3057,20.66648859693647
3058,5.990000000000002
3059,10.786639314413204
3060,21.549999999999997
3061,23.205142912603996
3062,10.329999999999998
3063,20.076232585002955
3064,14.740000000000009
3065,16.58396001211431
3066,11.720000000000006
3067,12.505056963358856
3068,5.690000000000005
3069,5.706592167431643
3070,9.57
3071,14.624754933860858
3072,21.519999999999996
3073,21.946392377287776
3074,5.410000000000004
3075,10.4076291697919
3076,11.090000000000003
3077,15.518235454144026
3078,17.10000000000001
3079,17.901016007445268
3080,11.049999999999997
3081,14.456675778578918
3082,18.75
3083,27.456295264410027
3084,21.64999999999999
3085,36.61844633209016
3086,11.610000000000014
3087,19.569865178055988
3088,16.010000000000005
3089,30.92446620555082
3090,10.689999999999998
3091,19.115911054225254
3092,10.479999999999997
3093,12.472322366483263
3094,28.050000000000004
3095,44.72276065302072
3096,10.270000000000003
3097,11.597369791780928
3098,54.17
3099,70.42371052945234
3100,0.01999999999999602
3101,0.03847309811422564
3102,18.53
3103,20.492494552859643
3104,9.620000000000005
3105,15.78541117397933
3106,8.970000000000006
3107,11.089204535267593
3108,6.329999999999998
3109,11.216647372976622
3110,5.799999999999997
3111,9.264570723305226
3112,3.1199999999999974
3113,3.7663341522001543
3114,11.310000000000002
3115,17.276478670874994
3116,14.590000000000003
3117,16.84267036331908
3118,8.649999999999991
3119,13.507813681925883
3120,8.479999999999997
3121,12.431616197598768
3122,7.060000000000002
3123,13.30391197966762
3124,8.75
3125,9.058687678217632
3126,5.749999999999993
3127,10.521456955391573
3128,3.7099999999999937
3129,5.044122405822872
3130,7.559999999999995
3131,12.745341808485973
3132,3.259999999999998
3133,6.103677163438854
3134,5.420000000000002
3135,10.660555581556945
3136,24.459999999999994
3137,39.03422966288511
3138,17.490000000000002
3139,21.53558476913042
3140,4.160000000000004
3141,7.638692993562695
3142,12.200000000000003
3143,21.193510250660896
3144,11.849999999999994
3145,17.537352618034188
3146,18.89
3147,37.55777872394346
3148,38.96999999999999
3149,76.07274403170284
3150,26.480000000000004
3151,38.04659500937031
3152,20.659999999999997
3153,39.243873317970156
3154,5.280000000000001
3155,5.942533670382635
3156,8.329999999999998
3157,8.36086838457782
3158,17.64
3159,33.12819713017974
3160,8.21
3161,13.29815093115649
3162,32.14
3163,47.24570257644925
3164,8.189999999999998
3165,15.914522277124036
3166,4.170000000000002
3167,5.754786293558412
3168,11.290000000000006
3169,19.952361959912952
3170,7.099999999999994
3171,8.198191685619191
3172,7.369999999999997
3173,13.905791582339203
3174,9.230000000000004
3175,14.239768229584481
3176,9.480000000000004
3177,10.722276647846602
3178,4.640000000000001
3179,7.584758291847313
3180,22.22
3181,33.98481906984256
3182,14.86
3183,17.307719759230192
3184,16.25
3185,21.452218582306024
3186,5.990000000000002
3187,7.086865216517393
3188,11.14
3189,20.890504961470878
3190,3.75
3191,5.827611232447253
3192,14.810000000000002
3193,15.001030721785371
3194,14.240000000000002
3195,17.02868815254486
3196,19.400000000000006
3197,21.500115027082074
3198,11.989999999999995
3199,20.713035243194376
3200,4.539999999999999
3201,8.343979823019438
3202,15.369999999999997
3203,17.421518940780636
3204,7.659999999999997
3205,8.393786318318602
3206,27.949999999999996
3207,28.388814811620954
3208,5.829999999999998
3209,11.035456946753047
3210,13.130000000000003
3211,17.84332284090903
3212,3.9100000000000037
3213,6.198289723963108
3214,7.400000000000006
3215,14.629780570423403
3216,12.430000000000007
3217,19.73069534785972
3218,16.25999999999999
3219,19.2540041781251
3220,7.090000000000003
3221,9.494250960261795
3222,4.559999999999995
3223,6.019594087788496
3224,11.68
3225,15.387106239628574
3226,14.909999999999997
3227,18.36155840668827
3228,14.190000000000005
3229,26.687963968607978
3230,27.53
3231,39.04666819052849
3232,20.189999999999998
3233,33.903542390345436
3234,17.10000000000001
3235,33.49942335031928
3236,26.14
3237,38.912063045157325
3238,3.530000000000001
3239,4.969976060161711
3240,10.939999999999998
3241,16.025675450743858
3242,16.439999999999998
3243,29.687463059732185
3244,5.269999999999996
3245,9.531807555638785
3246,10.5
3247,13.496617081984763
3248,7.479999999999997
3249,9.79831136519027
3250,4.490000000000002
3251,8.244829908513335
3252,6.980000000000004
3253,10.996653655911054
3254,13.86
3255,16.88239780877761
3256,11.590000000000003
3257,19.050426478822494
3258,6.160000000000004
3259,11.485337236173772
3260,8.830000000000005
3261,16.54693279535563
3262,4.019999999999996
3263,5.940463429959457
3264,20.010000000000005
3265,31.349809479856372
3266,13.030000000000001
3267,13.9028659041998
3268,10.240000000000002
3269,14.18957276952883
3270,9.170000000000002
3271,10.954202170727552
3272,6.089999999999996
3273,7.777594675484216
3274,17.479999999999997
3275,31.145714218284162
3276,13.730000000000004
3277,14.815392961964044
3278,8.0
3279,15.095395006350664
3280,7.1200000000000045
3281,11.53155117252834
3282,7.170000000000002
3283,14.032938745528224
3284,18.200000000000003
3285,35.736408844083165
3286,10.760000000000005
3287,16.305383671735036
3288,10.39
3289,15.439730053948901
3290,9.489999999999995
3291,15.432577588320639
3292,7.089999999999996
3293,11.34587009748775
3294,6.349999999999994
3295,7.92868562170767
3296,22.5
3297,22.71490535999131
3298,10.11
3299,13.417725355506736
3300,8.489999999999995
3301,10.502989180134678
3302,19.519999999999996
3303,27.005825821307916
3304,16.89
3305,27.822976629359548
3306,8.829999999999998
3307,16.071471407582923
3308,7.8600000000000065
3309,15.11022229773505
3310,5.32
3311,10.449097645736186
3312,16.289999999999992
3313,27.8391901918625
3314,17.35000000000001
3315,18.621144781402208
3316,3.489999999999995
3317,5.861966433564701
3318,13.479999999999997
3319,14.81427944452459
3320,12.43
3321,16.34620854603894
3322,9.299999999999997
3323,13.59795910463126
3324,14.039999999999992
3325,26.676365426462795
3326,8.850000000000001
3327,15.316498621601209
3328,12.190000000000005
3329,13.004059110085327
3330,6.189999999999998
3331,10.980274600529514
3332,3.279999999999994
3333,3.2846119869014325
3334,11.320000000000007
3335,17.334190901061877
3336,16.830000000000005
3337,19.86958259586149
3338,6.229999999999997
3339,11.154341036643032
3340,19.069999999999993
3341,27.89900823840701
3342,24.64
3343,48.70088198351435
3344,11.469999999999992
3345,12.06553231657321
3346,4.399999999999999
3347,4.555124905240257
3348,12.879999999999995
3349,17.386552355426705
3350,19.989999999999995
3351,38.24323229497681
3352,6.93
3353,10.680961155457691
3354,7.480000000000004
3355,13.002057263476619
3356,16.979999999999997
3357,27.167509152425243
3358,32.06999999999999
3359,33.5591248531114
3360,9.780000000000001
3361,17.5209964842096
3362,12.010000000000005
3363,13.233665970864376
3364,7.43
3365,12.959054545041022
3366,6.130000000000003
3367,8.098418396374308
3368,16.83
3369,32.61527181707647
3370,10.040000000000006
3371,11.363626813250118
3372,8.660000000000004
3373,16.040373843380916
3374,16.160000000000004
3375,26.82353621672977
3376,8.349999999999994
3377,15.406598610029457
3378,30.150000000000006
3379,36.71748898238874
3380,14.210000000000008
3381,16.46169515420433
3382,7.509999999999991
3383,10.410494022155852
3384,7.079999999999998
3385,8.799615508796187
3386,6.329999999999998
3387,9.453243738669334
3388,23.169999999999995
3389,38.081727624228776
3390,8.969999999999999
3391,10.748848263019921
3392,9.93
3393,14.079495275555503
3394,9.950000000000003
3395,17.918194348735476
3396,3.6599999999999966
3397,7.108433184298815
3398,7.239999999999995
3399,8.562687467932392
3400,7.580000000000005
3401,13.827134513797345
3402,14.260000000000005
3403,25.787752809047184
3404,10.060000000000002
3405,10.7390516777313
3406,13.450000000000003
3407,19.34683772717321
3408,5.460000000000001
3409,6.051209681454355
3410,10.669999999999987
3411,11.451562114386814
3412,7.100000000000001
3413,13.950464479582946
3414,14.009999999999998
3415,24.06863913867161
3416,4.829999999999998
3417,9.144138835024405
3418,6.920000000000002
3419,12.790404971496129
3420,5.529999999999994
3421,9.577738765295996
3422,20.069999999999993
3423,22.31627198893477
3424,10.010000000000005
3425,10.098666784173277
3426,5.149999999999999
3427,7.810543254847315
3428,3.3999999999999986
3429,4.2814739546424825
3430,9.730000000000004
3431,12.652331935703657
3432,8.939999999999998
3433,14.972184899797945
3434,19.450000000000003
3435,32.88836405433298
3436,7.550000000000004
3437,12.018446170882582
3438,3.539999999999999
3439,5.106442743113393
3440,4.229999999999997
3441,4.279145052805389
3442,6.780000000000001
3443,13.025765930291133
3444,2.8900000000000006
3445,5.118091785100568
3446,17.400000000000006
3447,23.17943592051885
3448,14.929999999999993
3449,26.139120608510673
3450,6.869999999999997
3451,8.239135713146828
3452,2.3100000000000023
3453,3.8084434221731995
3454,9.149999999999991
3455,9.453480322212211
3456,24.320000000000007
3457,42.465241153550934
3458,3.5600000000000023
3459,6.438988004231032
3460,10.439999999999998
3461,20.565626084255218
3462,16.78
3463,29.060639578743075
3464,15.349999999999994
3465,26.846554242571816
3466,6.75
3467,8.938480430157764
3468,13.259999999999991
3469,26.268879558484898
3470,6.759999999999991
3471,7.965271571086094
3472,12.409999999999997
3473,20.66166629384431
3474,12.36
3475,19.717197469828623
3476,6.269999999999996
3477,8.08871221100703
3478,1.6599999999999966
3479,2.848070680790267
3480,5.239999999999995
3481,9.330697016243281
3482,5.729999999999997
3483,11.396714493787467
3484,21.11
3485,22.532944670013045
3486,8.420000000000002
3487,8.856004405429307
3488,6.570000000000007
3489,11.288094457092392
3490,6.990000000000002
3491,10.786629709182543
3492,5.100000000000001
3493,5.925387532059122
3494,8.89
3495,13.266254114524196
3496,19.72999999999999
3497,25.450160147831276
3498,8.349999999999994
3499,15.191005074053695
3500,8.950000000000003
3501,17.168930463754037
3502,1.4200000000000017
3503,1.8902294823810657
3504,8.620000000000005
3505,13.971948503239272
3506,7.57
3507,14.632962987672794
3508,6.930000000000007
3509,8.157693420151999
3510,10.039999999999992
3511,19.04706997022564
3512,50.699999999999996
3513,86.18334790003703
3514,4.369999999999997
3515,7.571818991775719
3516,23.400000000000006
3517,43.355458087402965
3518,4.840000000000003
3519,7.954935276574351
3520,9.530000000000001
3521,14.206074740226384
3522,28.449999999999996
3523,40.554406200376576
3524,6.830000000000005
3525,11.533639486780157
3526,22.08
3527,36.11709253245412
3528,3.4200000000000017
3529,6.810497769037055
3530,8.370000000000005
3531,10.424793077573934
3532,12.569999999999993
3533,13.281909685009433
3534,9.540000000000006
3535,14.816272671856359
3536,53.349999999999994
3537,101.95228662719428
3538,6.709999999999994
3539,11.56688201729727
3540,21.39
3541,28.854917992369096
3542,4.5
3543,7.133718389364133
3544,13.370000000000005
3545,25.355650845741238
3546,22.840000000000003
3547,38.72079771314844
3548,14.88000000000001
3549,24.303637212011328
3550,13.090000000000003
3551,25.057785773583994
3552,9.659999999999997
3553,10.954222128621973
3554,4.979999999999997
3555,8.14475399789904
3556,10.66000000000001
3557,16.868766675023082
3558,15.960000000000008
3559,24.274383873582682
3560,12.93
3561,22.625111012301716
3562,3.3200000000000003
3563,6.219250428723727
3564,9.780000000000001
3565,9.803386946802169
3566,5.280000000000001
3567,7.543576702530231
3568,37.85000000000001
3569,59.72216577324534
3570,5.619999999999997
3571,7.211136634273823
3572,10.939999999999998
3573,20.662690013049485
3574,5.329999999999998
3575,6.463465944301844
3576,17.35
3577,33.799470562984524
3578,10.36
3579,13.297080118985303
3580,16.68
3581,30.751757885414502
3582,17.019999999999996
3583,33.509476719013996
3584,15.060000000000002
3585,29.765010448076925
3586,3.3400000000000034
3587,4.344289201276909
3588,11.82
3589,23.132768079367498
3590,19.569999999999993
3591,21.538616884445062
3592,30.289999999999992
3593,30.566581911695984
3594,10.049999999999997
3595,11.141745724323728
3596,2.6899999999999977
3597,4.996123891393634
3598,6.899999999999999
3599,7.906200112553236
3600,20.059999999999988
3601,27.773456168228073
3602,3.8599999999999994
3603,4.759268802499365
3604,5.230000000000004
3605,5.5323419725543665
3606,8.25
3607,10.054955841311061
3608,4.340000000000003
3609,7.72428103193855
3610,20.790000000000006
3611,38.6694721796577
3612,2.25
3613,2.3455347795846904
3614,13.030000000000001
3615,21.793841778560125
3616,2.8900000000000006
3617,4.51503764723749
3618,5.029999999999994
3619,8.847551351785011
3620,3.0700000000000003
3621,4.788776147220613
3622,4.82
3623,5.541584596676797
3624,6.780000000000008
3625,12.963163281033673
3626,6.719999999999999
3627,8.252992809462782
3628,32.269999999999996
3629,58.02732721299602
3630,14.840000000000003
3631,20.918978990124305
3632,5.960000000000001
3633,6.398369086761144
3634,15.420000000000002
3635,26.22182929301865
3636,11.779999999999994
3637,16.600298375787037
3638,4.5
3639,5.955203445951021
3640,10.540000000000006
3641,15.033613486445004
3642,15.0
3643,22.554955904643755
3644,8.889999999999993
3645,11.749212960032768
3646,6.920000000000002
3647,11.239224816045693
3648,8.490000000000009
3649,16.549833827824347
3650,13.080000000000005
3651,19.03132012629817
3652,10.960000000000008
3653,20.32366289632736
3654,5.5
3655,5.834111341226317
3656,5.269999999999996
3657,10.526537230691996
3658,10.880000000000003
3659,14.256362775583654
3660,8.379999999999995
3661,13.140816857515563
3662,19.50999999999999
3663,36.63748497422551
3664,16.210000000000008
3665,22.415602336623593
3666,9.060000000000002
3667,9.40748725483005
3668,12.07
3669,14.07402154827962
3670,12.129999999999995
3671,20.03372883628906
3672,3.969999999999999
3673,7.6180388348817845
3674,9.18
3675,10.514844157688433
3676,6.309999999999995
3677,10.21781959280534
3678,13.25
3679,16.133885431448306
3680,24.47
3681,47.66710945424255
3682,10.080000000000005
3683,17.8907133236542
3684,7.0
3685,9.755514528523783
3686,22.339999999999996
3687,37.992315840949054
3688,14.14
3689,26.139770438862065
3690,6.089999999999996
3691,8.881930790994879
3692,13.79
3693,23.270044870730068
3694,13.339999999999996
3695,16.57271931674476
3696,22.589999999999996
3697,24.93120873050807
3698,8.969999999999999
3699,16.14311661386586
3700,14.900000000000006
3701,20.38142303664202
3702,1.730000000000004
3703,3.321644687945151
3704,9.939999999999998
3705,19.239738956748102
3706,23.89
3707,46.318695804082864
3708,12.27000000000001
3709,19.46951768297338
3710,11.39
3711,13.499599036857852
3712,15.500000000000007
3713,16.60936918158585
3714,7.499999999999993
3715,10.87701516020537
3716,12.090000000000003
3717,12.972217880266722
3718,11.25
3719,17.238219979976737
3720,14.189999999999998
3721,25.831982094048247
3722,13.099999999999994
3723,15.021840627108583
3724,13.069999999999993
3725,18.115107103015454
3726,12.86
3727,14.774797969171585
3728,6.399999999999999
3729,12.301394754383946
3730,11.330000000000005
3731,18.377924117895642
3732,31.58
3733,47.145487504564244
3734,8.43
3735,9.429529205010423
3736,4.350000000000001
3737,8.30334607004747
3738,5.199999999999996
3739,9.239778664543906
3740,11.980000000000004
3741,17.0342353446005
3742,8.799999999999997
3743,9.347849482084959
3744,12.599999999999994
3745,20.22806583575854
3746,9.920000000000002
3747,10.142820823997718
3748,4.1299999999999955
3749,4.693749791171687
3750,15.050000000000011
3751,24.034026250317062
3752,2.970000000000006
3753,3.3828149252207784
3754,19.58
3755,28.27886921893519
3756,13.07
3757,26.100854333287586
3758,5.259999999999998
3759,5.925969480462061
3760,5.359999999999999
3761,6.093993061912833
3762,8.5
3763,16.602733565734596
3764,14.849999999999994
3765,22.870783810093947
3766,11.710000000000008
3767,23.24144172509392
3768,12.599999999999994
3769,21.319191235909113
3770,18.169999999999995
3771,28.62970042020947
3772,21.66000000000001
3773,33.78288737392305
3774,20.310000000000002
3775,34.75906920275805
3776,8.659999999999997
3777,14.606680310661059
3778,6.119999999999997
3779,11.16612863634986
3780,21.61
3781,23.082982765592472
3782,7.199999999999996
3783,9.2755423725721
3784,5.660000000000004
3785,6.25159911241073
3786,2.6400000000000006
3787,4.503216047713093
3788,5.390000000000001
3789,7.515838604522745
3790,10.61
3791,20.356941325595557
3792,14.159999999999997
3793,26.158169392098042
3794,5.729999999999997
3795,10.60034072087918
3796,12.36
3797,15.646582103324693
3798,11.279999999999994
3799,18.937437899731083
3800,4.839999999999996
3801,7.02619181971518
3802,32.650000000000006
3803,59.24943990098934
3804,8.269999999999996
3805,15.496587695495432
3806,12.469999999999999
3807,19.575832731590438
3808,27.560000000000002
3809,46.87742234196286
3810,5.409999999999997
3811,6.449769391748302
3812,28.919999999999987
3813,32.81948584377608
3814,7.350000000000001
3815,14.65158085751068
3816,6.3700000000000045
3817,11.458851105464046
3818,11.0
3819,16.060222667683295
3820,5.859999999999999
3821,7.062639083402127
3822,10.820000000000007
3823,13.478450138220534
3824,36.96000000000001
3825,72.90852265609765
3826,21.760000000000005
3827,38.39208348737397
3828,7.6399999999999935
3829,10.079391785846955
3830,17.42
3831,18.43576051408584
3832,21.349999999999994
3833,26.314212244880533
3834,11.069999999999993
3835,16.2938771128173
3836,21.929999999999993
3837,23.387029852614624
3838,6.459999999999994
3839,10.151387528988753
3840,10.790000000000006
3841,20.49778115564243
3842,19.629999999999995
3843,27.583341892249283
3844,8.030000000000001
3845,10.101505907735902
3846,26.759999999999998
3847,52.79275422743511
3848,11.030000000000008
3849,15.54795350440159
3850,3.6299999999999955
3851,6.5422604812774
3852,2.6600000000000037
3853,3.520463057236577
3854,17.22999999999999
3855,20.72971092020212
3856,56.160000000000004
3857,76.1364424747397
3858,5.030000000000001
3859,7.824352671635481
3860,27.229999999999997
3861,38.75226675434601
3862,8.659999999999997
3863,12.94324180336357
3864,18.54
3865,36.43210991576646
3866,9.780000000000001
3867,10.333966695055672
3868,14.660000000000004
3869,14.776122302049068
3870,9.560000000000002
3871,11.195454795744084
3872,10.680000000000007
3873,17.69750821346062
3874,11.11
3875,18.24986793285797
3876,25.870000000000005
3877,49.89320848359625
3878,28.230000000000004
3879,42.284577595461606
3880,5.949999999999996
3881,10.878066765738765
3882,9.169999999999987
3883,17.919772244419274
3884,13.719999999999999
3885,25.09247126737255
3886,4.850000000000001
3887,5.275061164851552
3888,7.240000000000002
3889,9.278908462075394
3890,25.13000000000001
3891,45.29769932755899
3892,7.1200000000000045
3893,13.148149097920088
3894,12.409999999999997
3895,16.087623604585517
3896,9.409999999999997
3897,12.277766325577295
3898,10.629999999999995
3899,16.428260123429702
3900,49.970000000000006
3901,76.19303458429067
3902,4.060000000000002
3903,7.2378054366485
3904,2.549999999999997
3905,4.794420235348392
3906,6.670000000000002
3907,13.193103206800691
3908,7.149999999999999
3909,7.487960301980875
3910,15.319999999999993
3911,25.104870953161523
3912,3.8200000000000003
3913,4.258368972148184
3914,7.960000000000001
3915,10.481779591459281
3916,13.170000000000002
3917,17.519893470999712
3918,9.009999999999991
3919,16.977783111171032
3920,4.550000000000004
3921,5.497418473878243
3922,20.699999999999996
3923,30.37717356220291
3924,27.739999999999995
3925,53.08833728635802
3926,3.3999999999999986
3927,6.457700257197972
3928,18.059999999999988
3929,34.48617868855768
3930,16.320000000000007
3931,23.380829506094383
3932,14.329999999999998
3933,24.959677986932828
3934,3.030000000000001
3935,6.017731568985241
3936,34.86999999999999
3937,52.949127580923275
3938,6.079999999999998
3939,10.635833062483886
3940,8.18
3941,9.100545740566206
3942,10.880000000000003
3943,12.213386471544604
3944,7.359999999999999
3945,14.117610485570125
3946,14.920000000000002
3947,22.272421711376527
3948,4.380000000000003
3949,6.527092737498507
3950,4.369999999999997
3951,4.75302523951353
3952,12.389999999999993
3953,17.584790762925326
3954,7.019999999999996
3955,12.14578631700265
3956,21.33
3957,27.023219685696088
3958,21.870000000000005
3959,36.54634076551702
3960,5.490000000000002
3961,6.387058704202076
3962,6.299999999999997
3963,7.053206931053784
3964,12.11
3965,21.358393353815845
3966,4.920000000000002
3967,9.546784515796832
3968,5.470000000000006
3969,10.095940874958387
3970,21.22
3971,25.18913224108292
3972,10.059999999999995
3973,17.591166648016443
3974,6.840000000000003
3975,12.73085948117631
3976,9.610000000000007
3977,19.114967189623965
3978,6.080000000000005
3979,8.997865048713646
3980,14.310000000000002
3981,23.162284485947886
3982,14.610000000000007
3983,19.598943062946162
3984,24.119999999999997
3985,37.00809348896539
3986,7.369999999999997
3987,9.480978186304544
3988,12.530000000000001
3989,15.00728978293318
3990,20.6
3991,33.03185403302567
3992,11.199999999999996
3993,15.191783226269443
3994,2.8699999999999974
3995,3.962380692836641
3996,5.719999999999999
3997,9.618100039233322
3998,12.879999999999995
3999,23.561736327536362
